{
	"ad": {
		"wiki-source": "File:Flag_of_Andorra.svg",
		"sources": [
			"https://www.ompa.ad/images/PDF/normativa-signes/Normes_Grafiques.pdf",
			"https://www.ompa.ad/en/graphic-regulations"
		],
		"ts-using": "2018-08-31 08:41:28 +0100"
	},
	"ae": {
		"wiki-source": "File:File:Flag_of_the_United_Arab_Emirates.svg",
		"sources": [
			"https://uaecabinet.ae/storage/app/public/uploads/content_category/publications/9c0edef9df68e08cb0ead6a8200189f9.pdf",
			"https://uaecabinet.ae/en/publications"
		],
		"ts-using": "2021-01-18T19:46:00Z"
	},
	"af": {
		"wiki-source": "File:Flag_of_Afghanistan.svg",
		"sources": ["https://president.gov.af/en/flag/"],
		"ts-using": "2020-09-17 09:31:51 -0400"
	},
	"ag": {
		"wiki-source": "File:Flag_of_Antigua_and_Barbuda.svg",
		"ts-using": "2020-09-17 10:17:27 -0400"
	},
	"ai": {
		"wiki-source": "File:Flag_of_Anguilla.svg",
		"sources": [
			"https://flagmakers.co.uk/flag-history/anguilla/"
		],
		"ts-using": "2020-09-17 11:26:24 -0400"
	},
	"al": {
		"wiki-source": "File:Flag_of_Albania.svg",
		"ts-using": "2020-09-17 11:26:24 -0400"
	},
	"am": {
		"wiki-source": "File:Flag_of_Armenia.svg",
		"sources": ["https://www.yeraguyn.com/wp-content/uploads/2018/02/HST-50-2012.pdf"],
		"ts-using": "2021-01-18T19:46:00Z"
	},
	"ao": {
		"wiki-source": "File:Flag_of_Angola.svg",
		"ts-using": "2020-09-16 15:47:32 -0400"
	},
	"aq": {
		"wiki-source": "File:Flag_of_the_Antarctic_Treaty.svg",
		"sources": ["https://www.ats.aq/e/antarctictreaty.html"],
		"ts-using": "2020-09-15 18:14:51 -0400"
	},
	"ar": {
		"wiki-source": "File:Flag_of_Argentina.svg",
		"sources": [
			"http://manuelbelgrano.gov.ar/bandera/creacion-de-la-bandera-nacional/",
			"https://www.argentina.gob.ar/normativa/nacional/ley-24855-44701/actualizacion"
		],
		"ts-using": "2018-08-31 08:41:28 +0100"
	},
	"as": {
		"wiki-source": "File:Flag_of_American_Samoa.svg",
		"ts-using": "2020-09-17 15:24:30 -0400"
	},
	"at": {
		"wiki-source": "File:Flag_of_Austria.svg",
		"sources": [
			"https://www.bundesheer.at/abzeichen/dekorationen.shtml"
		],
		"ts-using": "2018-08-31 08:41:28 +0100"
	},
	"au": {
		"wiki-source": "File:Flag_of_Australia_(converted).svg",
		"ts-using": "2020-09-16 11:33:20 -0400"
	},
	"aw": {
		"wiki-source": "File:Flag_of_Aruba.svg",
		"ts-using": "2020-09-17 11:26:24 -0400"
	},
	"ax": {
		"wiki-source": "File:Flag_of_Åland.svg",
		"sources": [
			"https://www.regeringen.ax/sites/www.regeringen.ax/files/attachments/page/grafisk_manual_12_juni_-20_0.pdf"
		],
		"ts-using": "2021-01-18T19:46:00Z"
	},
	"az": {
		"wiki-source": "File:Flag_of_Azerbaijan.svg",
		"sources": [
			"https://en.wikipedia.org/wiki/File:Flag_of_Azerbaijan_(construction_sheet).JPG"
		],
		"ts-using": "2018-08-31 08:41:28 +0100"
	},
	"ba": {
		"wiki-source": "File:Flag_of_Bosnia_and_Herzegovina.svg",
		"ts-using": "2021-01-26T13:20:00Z"
	},
	"bb": {
		"wiki-source": "File:Flag_of_Barbados.svg",
		"sources": [
			"https://wipolex.wipo.int/en/legislation/details/312",
			"https://web.archive.org/web/20100428062551/http://www.barbados.gov.bb/natflag.htm",
			"https://www.foreign.gov.bb/?jet_download=748",
			"https://www.gov.bb/Visit-Barbados/flag-etiquette"
		],
		"ts-using": "2018-08-31 08:41:28 +0100"
	},
	"bd": {
		"wiki-source": "File:Flag_of_Bangladesh.svg",
		"ts-using": "2018-08-31 08:41:28 +0100"
	},
	"be": {
		"wiki-source": "File:Flag_of_Belgium.svg",
		"ts-using": "2018-08-31 08:41:28 +0100"
	},
	"bf": {
		"wiki-source": "File:Flag_of_Burkina_Faso.svg",
		"ts-using": "2018-08-31 08:41:28 +0100"
	},
	"bg": {
		"wiki-source": "File:Flag_of_Bulgaria.svg",
		"ts-using": "2018-08-31 08:41:28 +0100"
	},
	"bh": {
		"wiki-source": "File:Flag_of_Bahrain.svg",
		"sources": ["http://www.moci.gov.bh/en/KingdomofBahrain/BahrainFlag/"],
		"ts-using": "2020-09-17 11:26:24 -0400"
	},
	"bi": {
		"wiki-source": "File:Flag_of_Burundi.svg",
		"ts-using": "2018-08-31 08:41:28 +0100"
	},
	"bj": {
		"wiki-source": "File:Flag_of_Benin.svg",
		"sources": [
			"https://www.gouv.bj/benin/le-drapeau/"
		],
		"ts-using": "2018-08-31 08:41:28 +0100"
	},
	"bl": {
		"wiki-source": "File:Flag_of_France.svg",
		"ts-using": "2018-08-31 08:41:28 +0100"
	},
	"bm": {
		"wiki-source": "File:Flag_of_Bermuda.svg",
		"ts-using": "2020-09-17 14:30:28 -0400"
	},
	"bn": {
		"wiki-source": "File:Flag_of_Brunei.svg",
		"ts-using": "2018-08-31 08:41:28 +0100"
	},
	"bo": {
		"wiki-source": "File:Bandera_de_Bolivia_(Estado).svg",
		"ts-using": "2020-09-17 14:30:28 -0400"
	},
	"bq": {
		"wiki-source": "File:Flag_of_the_Netherlands.svg",
		"ts-using": "2018-08-31 08:41:28 +0100"
	},
	"br": {
		"wiki-source": "File:Flag_of_Brazil.svg",
		"sources": [
			"http://www.planalto.gov.br/ccivil_03/Leis/L5700.htm",
			"https://www.gov.br/defesa/pt-br/assuntos/noticias/18-de-setembro-data-celebra-os-simbolos-nacionais"
		],
		"ts-using": "2021-01-20 08:41:28 +0100"
	},
	"bs": {
		"wiki-source": "File:Flag_of_the_Bahamas.svg",
		"sources": [
			"https://forms.bahamas.gov.bs/dp_form.asp?fid=430"
		],
		"ts-using": "2019-10-12T01:45:07Z"
	},
	"bt": {
		"wiki-source": "File:Flag_of_Bhutan.svg",
		"ts-using": "2018-08-31 08:41:28 +0100"
	},
	"bv": {
		"wiki-source": "File:Flag_of_Norway.svg",
		"ts-using": "2021-01-19T16:15:15Z"
	},
	"bw": {
		"wiki-source": "File:Flag_of_Botswana.svg",
		"ts-using": "2019-12-04T06:17:52Z"
	},
	"by": {
		"wiki-source": "File:Flag_of_Belarus.svg",
		"sources": [
			"https://mfa.gov.by/en/sgp/state_symbols/",
			"http://president.gov.by/en/symbols_en/"
		],
		"ts-using": "2021-01-20T20:11:00Z"
	},
	"bz": {
		"wiki-source": "File:Flag_of_Belize.svg",
		"sources": [
			"https://www.mybelize.net/belize-flag-standardization/",
			"https://www.facebook.com/lovefmbelize/videos/press-conference-standardization-of-the-belizean-flag/2189803641129701"
		],
		"ts-using": "2020-12-03T03:06:01Z"
	},
	"ca": {
		"wiki-source": "File:Flag_of_Canada_(Pantone).svg",
		"sources": [
			"http://www.publications.gc.ca/site/eng/9.859032/publication.html",
			"https://commons.wikimedia.org/wiki/File:Flag_of_Canada_(construction_sheet_-_leaf_geometry).svg"
		],
		"ts-using": "2021-01-09T07:17:33Z"
	},
	"cc": {
		"wiki-source": "File:Flag_of_the_Cocos_(Keeling)_Islands.svg",
		"ts-using": "2018-08-31 08:41:28 +0100"
	},
	"cd": {
		"wiki-source": "File:Flag_of_the_Democratic_Republic_of_the_Congo_(3-2).svg",
		"ts-using": "2018-08-31 08:41:28 +0100"
	},
	"cf": {
		"wiki-source": "File:Flag_of_the_Central_African_Republic.svg",
		"ts-using": "2019-10-01T02:22:43Z"
	},
	"cg": {
		"wiki-source": "File:Flag_of_the_Republic_of_the_Congo.svg",
		"ts-using": "2018-08-31 08:41:28 +0100"
	},
	"ch": {
		"wiki-source": "File:Flag_of_Switzerland_(Pantone).svg",
		"ts-using": "2020-06-22T04:43:13Z"
	},
	"ci": {
		"wiki-source": "File:Flag_of_Côte_d'Ivoire.svg",
		"sources": [
			"https://www.fonctionpublique.gouv.ci/assets/rubriques/_documentation/5_Symboles_Republique_CI2018.pdf"
		],
		"ts-using": "2019-01-09T15:38:54Z"
	},
	"ck": {
		"wiki-source": "File:Flag_of_the_Cook_Islands.svg",
		"ts-using": "2020-09-17 14:30:28 -0400"
	},
	"cl": {
		"wiki-source": "File:Flag_of_Chile.svg",
		"ts-using": "2018-08-31 08:41:28 +0100"
	},
	"cm": {
		"wiki-source": "File:<TODO>",
		"ts-using": "2018-08-31 08:41:28 +0100"
	},
	"cn": {
		"wiki-source": "File:Flag_of_the_People's_Republic_of_China.svg",
		"sources": [
			"http://www.npc.gov.cn/npc/gqgggh/202012/7ac70d3a4cfb480ea9edc872bdc85578.shtml",
			"http://www.npc.gov.cn/npc/gqgggh/202012/84c174f138044a98ba211a15b316ffc4/files/afff82e8be374e8ebbf2f82085c7e971.pdf"
		],
		"ts-using": "2021-01-02T05:50:04Z"
	},
	"co": {
		"wiki-source": "File:<TODO>",
		"ts-using": "2018-08-31 08:41:28 +0100"
	},
	"cr": {
		"wiki-source": "File:<TODO>",
		"ts-using": "2020-04-09 15:18:57 +0300"
	},
	"cu": {
		"wiki-source": "File:<TODO>",
		"ts-using": "2018-08-31 08:41:28 +0100"
	},
	"cv": {
		"wiki-source": "File:<TODO>",
		"ts-using": "2018-08-31 08:41:28 +0100"
	},
	"cw": {
		"wiki-source": "File:<TODO>",
		"ts-using": "2018-08-31 08:41:28 +0100"
	},
	"cx": {
		"wiki-source": "File:<TODO>",
		"ts-using": "2018-08-31 08:41:28 +0100"
	},
	"cy": {
		"wiki-source": "File:<TODO>",
		"ts-using": "2020-09-16 14:56:48 -0400"
	},
	"cz": {
		"wiki-source": "File:<TODO>",
		"ts-using": "2018-08-31 08:41:28 +0100"
	},
	"de": {
		"wiki-source": "File:Flag_of_Germany.svg",
		"ts-using": "2018-08-31 08:41:28 +0100"
	},
	"dj": {
		"wiki-source": "File:Flag_of_Djibouti.svg",
		"ts-using": "2019-09-09T18:53:51Z"
	},
	"dk": {
		"wiki-source": "File:<TODO>",
		"ts-using": "2018-08-31 08:41:28 +0100"
	},
	"dm": {
		"wiki-source": "File:<TODO>",
		"ts-using": "2020-09-18 09:59:55 -0400"
	},
	"do": {
		"wiki-source": "File:<TODO>",
		"ts-using": "2020-09-18 09:59:55 -0400"
	},
	"dz": {
		"wiki-source": "File:<TODO>",
		"ts-using": "2018-08-31 08:41:28 +0100"
	},
	"ec": {
		"wiki-source": "File:<TODO>",
		"ts-using": "2018-08-31 08:41:28 +0100"
	},
	"ee": {
		"wiki-source": "File:Flag_of_Estonia.svg",
		"sources": [
			"https://www.riigiteataja.ee/en/eli/525112020001/consolide"
		],
		"ts-using": "2021-07-10T03:17:54Z"
	},
	"eg": {
		"wiki-source": "File:<TODO>",
		"ts-using": "2018-08-31 08:41:28 +0100"
	},
	"eh": {
		"wiki-source": "File:<TODO>",
		"ts-using": "2018-08-31 08:41:28 +0100"
	},
	"er": {
		"wiki-source": "File:<TODO>",
		"ts-using": "2018-08-31 08:41:28 +0100"
	},
	"es": {
		"wiki-source": "File:<TODO>",
		"ts-using": "2020-09-16 16:49:24 -0400"
	},
	"et": {
		"wiki-source": "File:Flag_of_Ethiopia.svg",
		"sources": [
			"https://web.archive.org/web/20110723121836/http://www.ethiopar.net/type/Amharic/hopre/bills/1998/654.ae..pdf"
		],
		"ts-using": "2018-08-31 08:41:28 +0100"
	},
	"eu": {
		"wiki-source": "File:Flag_of_Europe.svg",
		"sources": [
			"https://publications.europa.eu/code/en/en-5000100.htm",
			"https://europa.eu/european-union/about-eu/symbols/flag_en"
		],
		"ts-using": "2018-08-31 08:41:28 +0100"
	},
	"fi": {
		"wiki-source": "File:<TODO>",
		"ts-using": "2018-08-31 08:41:28 +0100"
	},
	"fj": {
		"wiki-source": "File:Flag_of_Fiji.svg",
		"sources": [
			"https://web.archive.org/web/20140505040638/http://www.fijihighcom.com/home-mainmenu-1/student-info-mainmenu-59/55-coat-of-arms.html"
		],
		"ts-using": "2021-03-30T19:02:13Z"
	},
	"fk": {
		"wiki-source": "File:Flag_of_the_Falkland_Islands.svg",
		"sources": [
			"https://www.falklands.gov.fk/self-governance/the-falkland-islands-government/"
		],
		"ts-using": "2020-06-05T21:31:32Z"
	},
	"fm": {
		"wiki-source": "File:<TODO>",
		"ts-using": "2018-08-31 08:41:28 +0100"
	},
	"fo": {
		"wiki-source": "File:<TODO>",
		"ts-using": "2018-08-31 08:41:28 +0100"
	},
	"fr": {
		"wiki-source": "File:Flag_of_France.svg",
		"sources": [
			"https://web.archive.org/web/20110622052609/http://www.diplomatie.gouv.fr/de/frankreich_3/frankreich-entdecken_244/portrat-frankreichs_247/die-symbole-der-franzosischen-republik_260/trikolore-die-nationalfahne_114.html"
		],
		"ts-using": "2020-09-18 16:00:19 -0400"
	},
	"ga": {
		"wiki-source": "File:<TODO>",
		"ts-using": "2018-08-31 08:41:28 +0100"
	},
	"gb": {
		"wiki-source": "File:Flag_of_the_United_Kingdom.svg",
		"ts-using": "2020-09-16 10:37:32 -0400"
	},
	"gb-eng": {
		"wiki-source": "File:<TODO>",
		"ts-using": "2018-08-31 08:41:28 +0100"
	},
	"gb-nir": {
		"wiki-source": "File:<TODO>",
		"ts-using": "2020-09-17 12:20:15 -0400"
	},
	"gb-sct": {
		"wiki-source": "File:Flag_of_Scotland.svg",
		"ts-using": "2021-01-26T13:20:00Z"
	},
	"gb-wls": {
		"wiki-source": "File:<TODO>",
		"ts-using": "2018-08-31 08:41:28 +0100"
	},
	"gd": {
		"wiki-source": "File:Flag_of_Grenada.svg",
		"sources": [
			"https://www.gov.gd/national-symbols-grenada#flag",
			"https://web.archive.org/web/20200624214609/http://www.gov.gd/national-symbols-grenada"
		],
		"ts-using": "2020-11-21T19:26:05Z"
	},
	"ge": {
		"wiki-source": "File:Flag_of_Georgia.svg",
		"sources": [
			"https://upload.wikimedia.org/wikipedia/commons/2/28/Brdzanebuleba_31.pdf"
		],
		"ts-using": "2018-08-31 08:41:28 +0100"
	},
	"gf": {
		"wiki-source": "File:Flag_of_France.svg",
		"ts-using": "2020-09-18 16:00:19 -0400"
	},
	"gg": {
		"wiki-source": "File:<TODO>",
		"ts-using": "2018-08-31 08:41:28 +0100"
	},
	"gh": {
		"wiki-source": "File:<TODO>",
		"ts-using": "2018-08-31 08:41:28 +0100"
	},
	"gi": {
		"wiki-source": "File:<TODO>",
		"ts-using": "2018-08-31 08:41:28 +0100"
	},
	"gl": {
		"wiki-source": "File:<TODO>",
		"ts-using": "2018-08-31 08:41:28 +0100"
	},
	"gm": {
		"wiki-source": "File:<TODO>",
		"ts-using": "2018-08-31 08:41:28 +0100"
	},
	"gn": {
		"wiki-source": "File:<TODO>",
		"ts-using": "2018-08-31 08:41:28 +0100"
	},
	"gp": {
		"wiki-source": "File:Flag_of_France.svg",
		"ts-using": "2020-09-18 16:00:19 -0400"
	},
	"gq": {
		"wiki-source": "File:<TODO>",
		"ts-using": "2018-08-31 08:41:28 +0100"
	},
	"gr": {
		"wiki-source": "File:Flag_of_Greece.svg",
		"sources": [
			"https://web.archive.org/web/20130120102653/http://old.law.uoa.gr/crime-research/simaia.pdf",
			"https://web.archive.org/web/20070402084632/http://www.army.gr/n/g/publications/articles/GreekFlag0/GreekFlag1/"
		],
		"ts-using": "2018-08-31 08:41:28 +0100"
	},
	"gs": {
		"wiki-source": "File:<TODO>",
		"ts-using": "2020-09-17 14:30:28 -0400"
	},
	"gt": {
		"wiki-source": "File:<TODO>",
		"ts-using": "2018-08-31 08:41:28 +0100"
	},
	"gu": {
		"wiki-source": "File:<TODO>",
		"ts-using": "2020-09-18 09:59:55 -0400"
	},
	"gw": {
		"wiki-source": "File:<TODO>",
		"ts-using": "2018-08-31 08:41:28 +0100"
	},
	"gy": {
		"wiki-source": "File:<TODO>",
		"ts-using": "2018-08-31 08:41:28 +0100"
	},
	"hk": {
		"wiki-source": "File:Flag_of_Hong_Kong.svg",
		"sources": [
			"https://www.elegislation.gov.hk/hk/A602",
			"https://web.archive.org/web/20201003180227/https://www.protocol.gov.hk/flags/chi/r_flag/index.html"
		],
		"ts-using": "2021-04-12T16:03:22Z"
	},
	"hm": {
		"wiki-source": "File:<TODO>",
		"ts-using": "2020-09-17 12:59:02 -0400"
	},
	"hn": {
		"wiki-source": "File:Flag_of_Honduras.svg",
		"sources": [
			"https://web.archive.org/web/20180317093444/https://www.presidencia.gob.hn/index.php/honduras/bandera-nacional"
		],
		"ts-using": "2021-02-25T16:52:59Z"
	},
	"hr": {
		"wiki-source": "File:Flag_of_Croatia.svg",
		"sources": [
			"https://web.archive.org/web/20120208064423/http://www.sabor.hr/lgs.axd?t=16&id=19045",
			"https://web.archive.org/web/20111106144124/http://www.sabor.hr/Default.aspx?sec=4317"
		],
		"ts-using": "2021-02-16T18:08:11Z"
	},
	"ht": {
		"wiki-source": "File:Flag_of_Haiti.svg",
		"sources": [
			"https://www.haiti.org/flag-and-coat-of-arms/"
		],
		"ts-using": "2019-12-09T21:47:28Z"
	},
	"hu": {
		"wiki-source": "File:Flag_of_Hungary.svg",
		"sources": [
			"https://web.archive.org/web/20150812130850/http://www.tmte.hu/11kiadvanyok/111matete/111_2009_05_pdf/203_Zaszlo.pdf"
		],
		"ts-using": "2021-02-17T10:58:19Z"
	},
	"id": {
		"wiki-source": "File:Flag_of_Indonesia.svg",
		"sources": [
			"https://web.archive.org/web/20110626220937/http://pusatbahasa.kemdiknas.go.id/lamanv4/sites/default/files/UU_2009_24.pdf"
		],
		"ts-using": "2020-08-22T16:48:27Z"
	},
	"ie": {
		"wiki-source": "File:Flag_of_Ireland.svg",
		"sources": [
			"https://assets.gov.ie/2949/151118153516-096a94ba6955435cae965414f7667104.pdf",
			"https://web.archive.org/web/20200213202756/https://assets.gov.ie/2949/151118153516-096a94ba6955435cae965414f7667104.pdf",
			"https://web.archive.org/web/20070615135038/http://www.taoiseach.gov.ie/attached_files/Pdf%20files/The%20National%20Flag.pdf"
		],
		"ts-using": "2021-04-14T13:19:22Z"
	},
	"il": {
		"wiki-source": "File:<TODO>",
		"ts-using": "2020-09-16 11:40:32 -0400"
	},
	"im": {
		"wiki-source": "File:Flag_of_the_Isle_of_Mann.svg",
		"sources": [
			"https://web.archive.org/web/20120309080605/https://www.gov.im/Isleofman/facts.xml"
		],
		"ts-using": "2018-12-10T14:06:41Z"
	},
	"in": {
		"wiki-source": "File:Flag_of_India.svg",
		"sources": [
			"https://law.resource.org/pub/in/bis/S12/is.1.1968.pdf"
		],
		"ts-using": "2018-08-31 08:41:28 +0100"
	},
	"io": {
		"wiki-source": "File:Flag_of_the_Commissioner_of_the_British_Indian_Ocean_Territory.svg",
		"sources": [
			"https://commons.wikimedia.org/wiki/File:Flag_of_British_Indian_Ocean_Territory_(8166415481).jpg"
		],
		"ts-using": "2020-10-08T15:05:39Z"
	},
	"iq": {
		"wiki-source": "File:Flag_of_Iraq.svg",
		"sources": [
			"https://web.archive.org/web/20080809182058/http://iraqflag.parliament.iq/icor.php?name=iraqiflag&pa=showpage&pid=10"
		],
		"ts-using": "2020-09-16 12:20:43 -0400"
	},
	"ir": {
		"wiki-source": "File:Flag_of_Iran.svg",
		"ts-using": "2018-08-31 08:41:28 +0100"
	},
	"is": {
		"wiki-source": "File:Flag_of_Iceland.svg",
		"sources": [
			"https://archive.is/2017.06.26-215258/https://eng.forsaetisraduneyti.is/state-symbols/icelandic-national-flag/proportion/",
			"https://archive.is/2017.07.01-005022/http://www.althingi.is/lagas/146a/2016032.html#selection-197.20-197.28"
		],
		"ts-using": "2021-04-19T14:50:13Z"
	},
	"it": {
		"wiki-source": "File:Flag_of_Italy.svg",
		"sources": [
			"https://web.archive.org/web/20190923074028/http://www.radiomarconi.com/marconi/bandiere/"
		],
		"ts-using": "2021-04-19T15:48:13Z"
	},
	"je": {
		"wiki-source": "File:Flag_of_Jersey.svg",
		"sources": [
			"https://www.gov.je/Government/NonexecLegal/BailiffsChambers/Pages/FlyingFlags.aspx",
			"https://www.gov.je/SiteCollectionDocuments/Government%20and%20administration/ID%20flag-jsy%202010-02-12%20BJL.pdf"
		],
		"ts-using": "2021-03-31T13:16:11Z"
	},
	"jm": {
		"wiki-source": "File:Flag_of_Jamaica.svg",
		"sources": [
			"https://jis.gov.jm/media/2013/08/COLOUR-1.jpg",
			"https://jis.gov.jm/media/flag.jpg"
		],
		"ts-using": "2021-01-29T13:46:00Z"
	},
	"jo": {
		"wiki-source": "File:<TODO>",
		"ts-using": "2018-08-31 08:41:28 +0100"
	},
	"jp": {
		"wiki-source": "File:<TODO>",
		"ts-using": "2018-08-31 08:41:28 +0100"
	},
	"ke": {
		"wiki-source": "File:<TODO>",
		"ts-using": "2018-08-31 08:41:28 +0100"
	},
	"kg": {
		"wiki-source": "File:Flag_of_Kyrgyzstan.svg",
		"sources": [
			"https://grs.gov.kg/uploads/files/205/205.11.04.17.ru.pdf"
		],
		"ts-using": "2021-04-23T15:13:25Z"
	},
	"kh": {
		"wiki-source": "File:<TODO>",
		"ts-using": "2018-08-31 08:41:28 +0100"
	},
	"ki": {
		"wiki-source": "File:<TODO>",
		"ts-using": "2020-09-21 11:16:48 -0400"
	},
	"km": {
		"wiki-source": "File:<TODO>",
		"ts-using": "2018-08-31 08:41:28 +0100"
	},
	"kn": {
		"wiki-source": "File:<TODO>",
		"ts-using": "2020-04-20 09:48:53 -0400"
	},
	"kp": {
		"wiki-source": "File:<TODO>",
		"ts-using": "2018-08-31 08:41:28 +0100"
	},
	"kr": {
		"wiki-source": "File:<TODO>",
		"ts-using": "2020-09-16 11:33:20 -0400"
	},
	"kw": {
		"wiki-source": "File:<TODO>",
		"ts-using": "2018-08-31 08:41:28 +0100"
	},
	"ky": {
		"wiki-source": "File:Flag_of_the_Cayman_Islands.svg",
		"sources": [
			"https://www.gov.ky/about-us/our-islands/national-symbols",
			"https://web.archive.org/web/20170814034523/https://www.gov.ky/portal/page/portal/cighome/cayman/islands/nationalsymbols/flag",
			"https://www.crwflags.com/fotw/flags/ky.html"
		],
		"ts-using": "2021-04-23T15:59:22Z"
	},
	"kz": {
		"wiki-source": "File:<TODO>",
		"ts-using": "2018-08-31 08:41:28 +0100"
	},
	"la": {
		"wiki-source": "File:Flag_of_Laos.svg",
		"ts-using": "2020-08-22T16:55:07Z"
	},
	"lb": {
		"wiki-source": "File:<TODO>",
		"ts-using": "2018-08-31 08:41:28 +0100"
	},
	"lc": {
		"wiki-source": "File:<TODO>",
		"ts-using": "2018-08-31 08:41:28 +0100"
	},
	"li": {
		"wiki-source": "File:<TODO>",
		"ts-using": "2018-08-31 08:41:28 +0100"
	},
	"lk": {
		"wiki-source": "File:Flag_of_Sri_Lanka.svg",
		"sources": [
			"https://web.archive.org/web/20180428093704/http://www.labour.gov.lk/web/index.php?option=com_content&view=article&id=192%3Anational-symbols-of-sri-lanka&catid=69%3Asri-lanka-facts&lang=en"
		],
		"ts-using": "2020-12-29T14:40:45Z"
	},
	"lr": {
		"wiki-source": "File:<TODO>",
		"ts-using": "2018-08-31 08:41:28 +0100"
	},
	"ls": {
		"wiki-source": "File:<TODO>",
		"ts-using": "2018-08-31 08:41:28 +0100"
	},
	"lt": {
		"wiki-source": "File:Flag_of_Lithuania.svg",
		"sources": [
			"https://web.archive.org/web/20110605033630/http://www.lrv.lt/bylos/herbas-logo/LR_veliava_ir_herbas.pdf"
		],
		"ts-using": "2021-04-26T15:55:15Z"
	},
	"lu": {
		"wiki-source": "File:Flag_of_Luxembourg.svg",
		"sources": [
			"http://data.legilux.public.lu/eli/etat/leg/memorial/1993/73/fr/pdf"
		],
		"ts-using": "2021-04-26T15:10:13Z"
	},
	"lv": {
		"wiki-source": "File:Flag_of_Latvia.svg",
		"sources": [
			"https://likumi.lv/doc.php?id=200642&from=off",
			"https://likumi.lv/ta/id/209092-latvijas-valsts-karoga-likuma-piemerosanas-noteikumi",
			"https://likumi.lv/ta/en/en/id/200642-law-on-the-national-flag-of-latvia",
			"https://likumi.lv/ta/en/en/id/209092-procedures-for-the-application-of-the-law-on-the-national-flag-of-latvia"
		],
		"ts-using": "2021-04-26T15:23:14Z"
	},
	"ly": {
		"wiki-source": "File:<TODO>",
		"ts-using": "2018-08-31 08:41:28 +0100"
	},
	"ma": {
		"wiki-source": "File:Flag_of_Morocco.svg",
		"sources": [
			"https://www.sgg.gov.ma/BO/AR/2005/BO_5378_ar.pdf",
			"https://www.sgg.gov.ma/BO/FR/2005/bo_5378_fr.pdf"
		],
		"ts-using": "2021-01-08T12:16:38Z"
	},
	"mc": {
		"wiki-source": "File:Flag_of_Monaco.svg",
		"sources": [
			"https://www.gouv.mc/Gouvernement-et-Institutions/Histoire-et-Patrimoine#Symboles_108595"
		],
		"ts-using": "2020-01-11T19:58:36Z"
	},
	"md": {
		"wiki-source": "File:Flag_of_Moldova.svg",
		"sources": [
			"http://lex.justice.md/viewdoc.php?action=view&view=doc&id=336791&lang=1",
			"http://lex.justice.md/UserFiles/File/2010/mo231-234md/an.1_217.doc",
			"http://lex.justice.md/UserFiles/File/2010/mo231-234md/an.2_217.doc",
			"http://lex.justice.md/UserFiles/File/2010/mo231-234md/an.3_217.doc"
		],
		"ts-using": "2021-02-10T17:13:13Z"
	},
	"me": {
		"wiki-source": "File:<TODO>",
		"ts-using": "2018-08-31 08:41:28 +0100"
	},
	"mf": {
		"wiki-source": "File:Flag_of_France.svg",
		"ts-using": "2020-09-18 16:00:19 -0400"
	},
	"mg": {
		"wiki-source": "File:Flag_of_Madagascar.svg",
		"ts-using": "2018-08-31 08:41:28 +0100"
	},
	"mh": {
		"wiki-source": "File:Flag_of_the_Marshall_Islands.svg",
		"sources": [
			"https://www.paclii.org/mh/legis/consol_act/ofotmia1979292.pdf",
			"http://www.paclii.org/cgi-bin/sinodisp/mh/legis/consol_act/ofotmia1979292/ofotmia1979292.html?stem=&synonyms=#disp16",
			"https://web.archive.org/web/20130805234813/http://rmigovernment.org/about_your_government.jsp?docid=3"
		],
		"ts-using": "2021-04-21T15:22:11Z"
	},
	"mk": {
		"wiki-source": "File:<TODO>",
		"ts-using": "2018-08-31 08:41:28 +0100"
	},
	"ml": {
		"wiki-source": "File:<TODO>",
		"ts-using": "2018-08-31 08:41:28 +0100"
	},
	"mm": {
		"wiki-source": "File:<TODO>",
		"ts-using": "2018-08-31 08:41:28 +0100"
	},
	"mn": {
		"wiki-source": "File:Flag_of_Mongolia.svg",
		"sources": [
			"https://web.archive.org/web/20120416040800/http://www.president.mn/mongolian/node/1958"
		],
		"ts-using": "2019-08-11T13:53:35Z"
	},
	"mo": {
		"wiki-source": "File:<TODO>",
		"ts-using": "2018-08-31 08:41:28 +0100"
	},
	"mp": {
		"wiki-source": "File:Flag_of_the_Northern_Mariana_Islands.svg",
		"sources": [
			"https://web.archive.org/web/20061004184557/http://www.gov.mp/flag_and_seal.html"
		],
		"ts-using": "2020-12-06T08:59:49Z"
	},
	"mq": {
		"wiki-source": "File:Flag_of_France.svg",
		"ts-using": "2020-09-18 16:00:19 -0400"
	},
	"mr": {
		"wiki-source": "File:Flag_of_Mauritania.svg",
		"sources": [
			"http://www.kennach.gov.mr/docs/plan01.pdf",
			"http://www.kennach.gov.mr/drapeau",
			"http://www.kennach.gov.mr/texts"
		],
		"ts-using": "2021-01-18T12:18:42Z"
	},
	"ms": {
		"wiki-source": "File:<TODO>",
		"ts-using": "2020-09-17 14:30:28 -0400"
	},
	"mt": {
		"wiki-source": "File:Flag_of_Malta.svg",
		"sources": [
			"https://www.gov.mt/mt/About%20Malta/Documents/National%20Flag%20Graphical%20Specifications.pdf"
		],
		"ts-using": "2021-02-12T14:30:00Z"
	},
	"mu": {
		"wiki-source": "File:Flag_of_Mauritius.svg",
		"sources": [
			"https://mauritiusassembly.govmu.org/Documents/Acts/2015/act2615.pdf",
			"http://msb.intnet.mu/English/Documents/MSB/Publications/SW%20-%20Oct%202008.pdf"
		],
		"ts-using": "2019-09-09T18:47:24Z"
	},
	"mv": {
		"wiki-source": "File:Flag_of_Maldives.svg",
		"ts-using": "2018-08-31 08:41:28 +0100"
	},
	"mw": {
		"wiki-source": "File:<TODO>",
		"ts-using": "2018-08-31 08:41:28 +0100"
	},
	"mx": {
		"wiki-source": "File:<TODO>",
		"ts-using": "2020-09-18 09:59:55 -0400"
	},
	"my": {
		"wiki-source": "File:Flag_of_Malaysia.svg",
		"sources": [
			"https://web.archive.org/web/20140507210010/http://mygov.malaysia.gov.my/EN/Main/MsianGov/MsianFlagAndCrest/Pages/MsianFlagAndCrest.aspx",
			"https://web.archive.org/web/20160126013938/http://pmr.penerangan.gov.my/index.php?option=com_content&view=article&id=1595%3Acara-membuat-bendera&catid=321%3Abendera-kita&Itemid=20"
		],
		"ts-using": "2019-10-02T13:45:53Z"
	},
	"mz": {
		"wiki-source": "File:<TODO>",
		"ts-using": "2018-08-31 08:41:28 +0100"
	},
	"na": {
		"wiki-source": "File:<TODO>",
		"ts-using": "2020-09-16 16:20:16 -0400"
	},
	"nc": {
		"wiki-source": "File:Flag_of_France.svg",
		"ts-using": "2020-09-18 16:00:19 -0400"
	},
	"ne": {
		"wiki-source": "File:<TODO>",
		"ts-using": "2018-08-31 08:41:28 +0100"
	},
	"nf": {
		"wiki-source": "File:<TODO>",
		"ts-using": "2018-08-31 08:41:28 +0100"
	},
	"ng": {
		"wiki-source": "File:<TODO>",
		"ts-using": "2018-08-31 08:41:28 +0100"
	},
	"ni": {
		"wiki-source": "File:<TODO>",
		"ts-using": "2018-08-31 08:41:28 +0100"
	},
	"nl": {
		"wiki-source": "File:Flag_of_the_Netherlands.svg",
		"sources": [
			"https://puc.overheid.nl/mp-bundels/doc/PUC_41859_10/1/#7185c358-2968-4439-a34a-297f8a2565a3"
		],
		"ts-using": "2018-08-31 08:41:28 +0100"
	},
	"no": {
		"wiki-source": "File:Flag_of_Norway.svg",
		"ts-using": "2021-01-19T16:15:15Z"
	},
	"np": {
		"wiki-source": "File:<TODO>",
		"ts-using": "2018-08-31 08:41:28 +0100"
	},
	"nr": {
		"wiki-source": "File:Flag_of_Nauru.svg",
		"ts-using": "2018-08-31 08:41:28 +0100"
	},
	"nu": {
		"wiki-source": "File:<TODO>",
		"ts-using": "2020-09-21 09:10:42 -0400"
	},
	"nz": {
		"wiki-source": "File:<TODO>",
		"ts-using": "2020-09-16 11:02:01 -0400"
	},
	"om": {
		"wiki-source": "File:<TODO>",
		"ts-using": "2018-08-31 08:41:28 +0100"
	},
	"pa": {
		"wiki-source": "File:Flag_of_Panama.svg",
		"sources": [
			"https://www.gacetaoficial.gob.pa/pdfTemp/28432_A/65219.pdf"
		],
		"ts-using": "2021-02-01T14:00:00Z"
	},
	"pe": {
		"wiki-source": "File:<TODO>",
		"ts-using": "2018-08-31 08:41:28 +0100"
	},
	"pf": {
		"wiki-source": "File:Flag_of_French_Polynesia.svg",
		"sources": [
			"http://lexpol.cloud.pf/document.php?document=189933&deb=70&fin=71&titre=RMOpbGliw6lyYXRpb24gbsKwIDg0LTEwMzAgQVQgZHUgMjMvMTEvMTk4NA=="
		],
		"ts-using": "2021-01-16T12:22:03Z"
	},
	"pg": {
		"wiki-source": "File:<TODO>",
		"ts-using": "2018-08-31 08:41:28 +0100"
	},
	"ph": {
		"wiki-source": "File:Flag_of_the_Philippines.svg",
		"sources": [
			"https://web.archive.org/web/20140210050312/http://www.gov.ph/1936/03/25/executive-order-no-23/"
		],
		"ts-using": "2021-03-27T08:44:03Z"
	},
	"pk": {
		"wiki-source": "File:Flag_of_Pakistan.svg",
		"sources": [
			"https://www.fotw.info/flags/pk'.html"
		],
		"ts-using": "2018-08-31 08:41:28 +0100"
	},
	"pl": {
		"wiki-source": "File:Flag_of_Poland.svg",
		"sources": [
			"https://cdn.shoplo.com/0925/files/konstytucja-rp.pdf?48",
			"https://en.wikipedia.org/wiki/Flag_of_Poland"
		],
		"ts-using": "2018-08-24T11:25:44Z"
	},
	"pm": {
		"wiki-source": "File:Flag_of_France.svg",
		"ts-using": "2020-09-18 16:00:19 -0400"
	},
	"pn": {
		"wiki-source": "File:<TODO>",
		"ts-using": "2020-09-17 14:30:28 -0400"
	},
	"pr": {
		"wiki-source": "File:Flag_of_Puerto_Rico.svg",
		"sources": [
			"https://welcome.topuertorico.org/reference/flag.shtml"
		],
		"ts-using": "2021-01-20T18:15:00Z"
	},
	"ps": {
		"wiki-source": "File:Flag_of_Palestine.svg",
		"sources": [
			"http://muqtafi.birzeit.edu/pg/getleg.asp?id=15212"
		],
		"ts-using": "2018-08-31 08:41:28 +0100"
	},
	"pt": {
		"wiki-source": "File:Flag_of_Portugal.svg",
		"sources": [
			"https://jorgesampaio.arquivo.presidencia.pt/pt/republica/simbolos/bandeiras/index.html#imgs",
			"https://commons.wikimedia.org/wiki/File:Diagrama_da_bandeira_nacional_de_Portugal_(pt%27.).png",
			"https://en.wikipedia.org/wiki/File:Flag_of_Portugal_blank_measures.svg"
		],
		"ts-using": "2021-03-15T00:22:12Z"
	},
	"pw": {
		"wiki-source": "File:Flag_of_Palau.svg",
		"sources": [
			"https://www.palaugov.pw/about-palau/flag/"
		],
		"ts-using": "2018-06-03T05:57:42Z"
	},
	"py": {
		"wiki-source": "File:Flag_of_Paraguay.svg",
		"sources": [
			"https://www.crwflags.com/fotw/flags/py_law.html"
		],
		"ts-using": "2019-09-09T21:46:12Z"
	},
	"qa": {
		"wiki-source": "File:<TODO>",
		"ts-using": "2020-04-20 08:39:37 -0400"
	},
	"re": {
		"wiki-source": "File:Flag_of_France.svg",
		"ts-using": "2020-09-18 16:00:19 -0400"
	},
	"ro": {
		"wiki-source": "File:Flag_of_Romania.svg",
		"sources": [
			"https://www.refworld.org/docid/3ae6ab897c.html"
		],
		"ts-using": "2018-08-31 08:41:28 +0100"
	},
	"rs": {
		"wiki-source": "File:Flag_of_Serbia.svg",
		"sources": [
			"https://www.srbija.gov.rs/tekst/en/130128/national-symbols.php",
			"https://www.srbija.gov.rs/extfile/sr/142564/uredba_izvornik_grba_zastave_himne0355_cyr.zip"
		],
		"ts-using": "2021-04-06T15:12:13Z"
	},
	"ru": {
		"wiki-source": "File:Flag_of_Russia.svg",
		"sources": [
			"https://zakupki.gov.ru/pgz/public/action/orders/info/common_info/show?notificationId=734557"
		],
		"ts-using": "2021-04-27T11:49:17Z"
	},
	"rw": {
		"wiki-source": "File:<TODO>",
		"ts-using": "2018-08-31 08:41:28 +0100"
	},
	"sa": {
		"wiki-source": "File:Flag_of_Saudi_Arabia.svg",
		"sources": [
			"https://web.archive.org/web/20120417231457/http://www.saudiembassy.net/about/country-information/facts_and_figures/"
		],
		"ts-using": "2020-11-28T15:15:21Z"
	},
	"sb": {
		"wiki-source": "File:Flag_of_the_Solomon_Islands.svg",
		"ts-using": "2021-01-29T13:46:00Z"
	},
	"sc": {
		"wiki-source": "File:<TODO>",
		"ts-using": "2018-08-31 08:41:28 +0100"
	},
	"sd": {
		"wiki-source": "File:<TODO>",
		"ts-using": "2018-08-31 08:41:28 +0100"
	},
	"se": {
		"wiki-source": "File:<TODO>",
		"ts-using": "2018-08-31 08:41:28 +0100"
	},
	"sg": {
		"wiki-source": "File:<TODO>",
		"ts-using": "2018-08-31 08:41:28 +0100"
	},
	"sh": {
		"wiki-source": "File:Flag_of_the_United_Kingdom.svg",
		"ts-using": "2020-09-17 13:02:55 -0400"
	},
	"si": {
		"wiki-source": "File:Flag_of_Slovenia.svg",
		"sources": [
			"https://www.gov.si/teme/drzavni-simboli/"
		],
		"ts-using": "2020-02-24T20:01:26Z"
	},
	"sj": {
		"wiki-source": "File:Flag_of_Norway.svg",
		"ts-using": "2021-01-19T16:15:15Z"
	},
	"sk": {
		"wiki-source": "File:Flag_of_Slovakia.svg",
		"sources": [
			"https://www.vlada.gov.sk/statna-vlajka/"
		],
		"ts-using": "2019-11-25T18:10:20Z"
	},
	"sl": {
		"wiki-source": "File:Flag_of_Sierra_Leone.svg",
		"sources": [
			"https://web.archive.org/web/20180727085817/http://www.parliament.gov.sl/AboutUs/ConstitutionofSierraLeone.aspx"
		],
		"ts-using": "2021-04-06T14:11:14Z"
	},
	"sm": {
		"wiki-source": "File:Flag_of_San_Marino.svg",
		"sources": [
			"www.consigliograndeegenerale.sm/on-line/Home/LavoriConsiliari/Dettaglidelleconvocazioni/documento17044527.html",
			"http://www.esteri.sm/contents/instance2/files/document/RSMSCHEDAPAESE.pdf"
		],
		"ts-using": "2021-04-06T13:55:14Z"
	},
	"sn": {
		"wiki-source": "File:Flag_of_Senegal.svg",
		"ts-using": "2018-08-31 08:41:28 +0100"
	},
	"so": {
		"wiki-source": "File:Flag_of_Somalia.svg",
		"ts-using": "2018-08-31 08:41:28 +0100"
	},
	"sr": {
		"wiki-source": "File:Flag_of_Suriname.svg",
		"sources": [
			"https://web.archive.org/web/20130724003656/http://www.gov.sr/media/231475/kleuren_nationale_vlag_republiek_suriname.pdf"
		],
		"ts-using": "2021-02-03T19:00:00Z"
	},
	"ss": {
		"wiki-source": "File:Flag_of_South_Sudan.svg",
		"sources": [
			"https://web.archive.org/web/20131219022800/http://www.goss-online.org/magnoliaPublic/en/about/symbols.html"
		],
		"ts-using": "2020-11-13T16:24:03Z"
	},
	"st": {
		"wiki-source": "File:Flag_of_Sao_Tome_and_Principe.svg",
		"ts-using": "2018-08-31 08:41:28 +0100"
	},
	"sv": {
		"wiki-source": "File:Flag_of_El_Salvador.svg",
		"sources": [
			"https://web.archive.org/web/20160313041746/http://asamblea.gob.sv/eparlamento/indice-legislativo/buscador-de-documentos-legislativos/ley-de-simbolos-patrios"
		],
		"ts-using": "2020-04-20 08:55:17 -0400"
	},
	"sx": {
		"wiki-source": "File:Flag_of_Sint_Maarten.svg",
		"sources": [
			"https://web.archive.org/web/20140528011140/http://www.museumsintmaarten.org/index.php?option=com_content&view=article&id=90&Itemid=123"
		],
		"ts-using": "2018-08-31 08:41:28 +0100"
	},
	"sy": {
		"wiki-source": "File:Flag_of_Syria.svg",
		"ts-using": "2019-07-27T14:28:29Z"
	},
	"sz": {
		"wiki-source": "File:Flag_of_Eswatini.svg",
		"sources": [
			"https://web.archive.org/web/20140619201436/http://swaziland.org.tw/e12.html"
		],
		"ts-using": "2020-09-16 15:09:50 -0400"
	},
	"tc": {
		"wiki-source": "File:Flag_of_the_Turks_and_Caicos_Islands.svg",
		"sources": [
			"http://online.fliphtml5.com/fizd/ikss"
		],
		"ts-using": "2021-03-31T13:59:11Z"
	},
	"td": {
		"wiki-source": "File:Flag_of_Chad.svg",
		"sources": [
			"https://www.fotw.info/flags/td.html"
		],
		"ts-using": "2021-04-23T12:03:22Z"
	},
	"tf": {
		"wiki-source": "File:Flag_of_the_French_Southern_and_Antarctic_Lands.svg",
		"ts-using": "2018-08-31 08:41:28 +0100"
	},
	"tg": {
		"wiki-source": "File:Flag_of_Togo.svg",
		"ts-using": "2018-08-31 08:41:28 +0100"
	},
	"th": {
		"wiki-source": "File:Flag_of_Thailand.svg",
		"sources": [
			"http://www.ratchakitcha.soc.go.th/DATA/PDF/2522/A/067/1.PDF#page=2",
			"http://www.ratchakitcha.soc.go.th/DATA/PDF/2560/E/245/1.PDF",
			"https://www.nstda.or.th/th/nstda-knowledge/11557-thaiflag-color"
		],
		"ts-using": "2018-02-15T10:46:33Z"
	},
	"tj": {
		"wiki-source": "File:Flag_of_Tajikistan.svg",
		"ts-using": "2018-08-31 08:41:28 +0100"
	},
	"tk": {
		"wiki-source": "File:Flag of Tokelau.svg",
		"ts-using": "2020-01-15T22:34:32Z"
	},
	"tl": {
		"wiki-source": "File:Flag_of_East_Timor.svg",
		"sources": [
			"https://en.wikisource.org/wiki/Constitution_of_the_Democratic_Republic_of_East_Timor#Section_15_.28National_Flag.29"
		],
		"ts-using": "2020-12-01T15:44:43Z"
	},
	"tm": {
		"wiki-source": "File:Flag_of_Turkmenistan.svg",
		"sources": [
			"http://www.vexillographia.ru/turkmen/texts/2017_flagi.doc"
		],
		"ts-using": "2021-01-29T13:46:00Z"
	},
	"tn": {
		"wiki-source": "File:Flag_of_Tunisia.svg",
		"sources": [
			"http://www.legislation.tn/sites/default/files/fraction-journal-officiel/1999/1999F/054/TF1999571.pdf"
		],
		"ts-using": "2018-08-31 08:41:28 +0100"
	},
	"to": {
		"wiki-source": "File:<TODO>",
		"ts-using": "2018-08-31 08:41:28 +0100"
	},
	"tr": {
		"wiki-source": "File:Flag_of_Turkey.svg",
		"sources": [
			"https://web.archive.org/web/20130420210812/https://www.ttk.org.tr/index.php?Page=Sayfa&No=81"
		],
		"ts-using": "2018-08-31 08:41:28 +0100"
	},
	"tt": {
		"wiki-source": "File:<TODO>",
		"ts-using": "2018-08-31 08:41:28 +0100"
	},
	"tv": {
		"wiki-source": "File:Flag_of_Tuvalu.svg",
		"sources": [
			"http://www.paclii.org/tv/legis/num_act/tnfa1995212/",
			"http://www.paclii.org/tv/legis/num_act/tnfa1997292/"
		],
		"ts-using": "2020-09-17 14:30:28 -0400"
	},
	"tw": {
		"wiki-source": "File:Flag_of_the_Republic_of_China.svg",
		"sources": [
			"https://www.globalflag.idv.tw/wg/gqf.htm"
		],
		"ts-using": "2020-09-10T17:15:23Z"
	},
	"tz": {
		"wiki-source": "File:Flag_of_Tanzania.svg",
		"ts-using": "2020-02-08T16:19:26Z"
	},
	"ua": {
		"wiki-source": "File:Flag_of_Ukraine.svg",
		"sources": [
			"https://uk.wikisource.org/wiki/%D0%94%D0%A1%D0%A2%D0%A3_4512:2006"
		],
		"ts-using": "2021-02-01T14:00:00Z"
	},
	"ug": {
		"wiki-source": "File:Flag_of_Uganda.svg",
		"sources": [
			"https://www.ugandamission.net/aboutug/symbols.html"
		],
		"ts-using": "2018-08-31 08:41:28 +0100"
	},
	"um": {
		"wiki-source": "File:Flag_of_the_United_States.svg",
		"ts-using": "2018-08-31 08:41:28 +0100"
	},
	"us": {
		"wiki-source": "File:Flag_of_the_United_States.svg",
		"sources": [
			"https://www.law.cornell.edu/uscode/text/4/1",
			"https://www.law.cornell.edu/uscode/text/4/2"
		],
		"ts-using": "2018-08-31 08:41:28 +0100"
	},
	"uy": {
		"wiki-source": "File:Flag_of_Uruguay.svg",
		"ts-using": "2021-01-02T02:51:07Z"
	},
	"uz": {
		"wiki-source": "File:Flag_of_Uzbekistan.svg",
		"ts-using": "2019-08-23T18:33:48Z"
	},
	"va": {
		"wiki-source": "File:Flag_of_the_Vatican_City.svg",
		"sources": [
			"https://web.archive.org/web/20081015004609/http://www.vaticanstate.va/IT/Stato_e_Governo/NoteGenerali/Bandiera.htm"
		],
		"ts-using": "2018-08-31 08:41:28 +0100"
	},
	"vc": {
		"wiki-source": "File:Flag_of_Saint_Vincent_and_the_Grenadines.svg",
		"sources": [
			"https://www.gov.vc/index.php/media-center/about-svg/28-the-flag"
		],
		"ts-using": "2019-12-18T01:33:17Z"
	},
	"ve": {
		"wiki-source": "File:Flag_of_Venezuela.svg",
		"ts-using": "2018-10-24T10:04:11Z"
	},
	"vg": {
		"wiki-source": "File:Flag_of_the_British_Virgin_Islands.svg",
		"ts-using": "2021-02-03T18:57:41Z"
	},
	"vi": {
		"wiki-source": "File:Flag_of_the_United_States_Virgin_Islands.svg",
		"sources": [
			"https://web.archive.org/web/19980128021246/http://www.gov.vi/html/smybols.html"
		],
		"ts-using": "2020-09-17 12:54:05 -0400"
	},
	"vn": {
		"wiki-source": "File:Flag_of_Vietnam.svg",
		"sources": [
			"https://www.fotw.info/flags/vn.html"
		],
		"ts-using": "2018-08-31 08:41:28 +0100"
	},
	"vu": {
		"wiki-source": "File:Flag_of_Vanuatu_(official).svg",
		"ts-using": "2018-08-31 08:41:28 +0100"
	},
	"wf": {
		"wiki-source": "File:Flag_of_Wallis_and_Futuna.svg",
		"ts-using": "2018-08-31 08:41:28 +0100"
	},
	"ws": {
		"wiki-source": "File:Flag_of_Samoa.svg",
		"sources": [
			"https://web.archive.org/web/20090207214516/http://www.govt.ws/popiframe_ge.cfm?gi_id=006"
		],
		"ts-using": "2018-08-31 08:41:28 +0100"
	},
	"xk": {
		"wiki-source": "File:Flag_of_Kosovo.svg",
		"ts-using": "2020-09-17 08:49:19 -0400"
	},
	"ye": {
		"wiki-source": "File:Flag_of_Yemen.svg",
		"ts-using": "2019-04-01T14:28:44Z"
	},
	"yt": {
		"wiki-source": "File:Flag_of_France.svg",
		"ts-using": "2020-09-18 16:00:19 -0400"
	},
	"za": {
		"wiki-source": "File:Flag_of_South_Africa.svg",
		"sources": [
			"https://www.gov.za/about-sa/national-symbols/national-flag",
			"https://www.gov.za/documents/constitution-republic-south-africa-1996-schedule-1-national-flag"
		],
		"ts-using": "2020-06-30T16:22:19Z"
	},
	"zm": {
		"wiki-source": "File:Flag_of_Zambia.svg",
		"sources": [
			"http://www.parliament.gov.zm/sites/default/files/documents/acts/National%20Flag%20and%20Armorial%20Ensigns%20Act.pdf",
			"http://www.parliament.gov.zm/node/688",
			"https://en.wikipedia.org/wiki/Flag_of_Zambia"
		],
		"ts-using": "2018-12-24T11:38:09Z"
	},
	"zw": {
		"wiki-source": "File:Flag_of_Zimbabwe.svg",
		"ts-using": "2021-01-25T18:34:44Z"
	}
}